name,fitness,price
Men's Silent Down Shirt Jacket,Regular,229
Men's Nano-Air® Vest,Slim,199
Men's Lightweight Synchilla® Snap-T® Fleece Pullover,Regular,119
Men's Better Sweater® 1/4-Zip Fleece,Regular,99
Men's Tres 3-in-1 Parka,Regular,599
Men's R1® TechFace Jacket,Slim,159
Men's Hi-Loft Down Hoody,Regular,279
Men's Frozen Range Parka,Regular,699
Men's Lightweight Better Sweater® Shelled Fleece Jacket,Regular,179
Men's Synchilla® Snap-T® Fleece Pullover,Relaxed,139
Men's Diamond Quilted Bomber Hoody,Regular,169
Men's Houdini® Air Jacket,Slim,169
Men's R1® TechFace Pullover,Slim,129
Men's Stretch Nano Storm® Jacket,Regular,399
Men's R2® Fleece Jacket,Slim,169
Men's R2® TechFace Jacket,Slim,169
Men's Macro Puff® Hoody,Regular,399
Men's Torrentshell 3L Jacket,Regular,149
Men's Rainshadow Jacket,Regular,199
Men's Quandary Jacket,Regular,199
Men's Insulated Fjord Flannel Jacket,Regular,169
Men's Nano-Air® Hoody,Slim,299
Men's Nano Puff® Vest,Regular,149
Men's Better Sweater® Fleece Vest,Regular,99
Men's Houdini® Snap-T® Pullover,Regular,99
Men's Iron Forge Hemp® Canvas Ranch Jacket,Relaxed,179
Men's Storm Racer Jacket,Slim,249
Men's Woolyester Fleece Pullover,Regular,139
Men's Lightweight Better Sweater® Fleece Jacket,Slim,149
Men's Classic Retro-X® Fleece Vest,Regular,149
Men's Pack In Jacket,Regular,179
Men's Micro Puff® Jacket,Regular,249
Men's Better Sweater® Fleece Jacket,Regular,139
Men's Micro D® Snap-T® Fleece Pullover,Regular,89
Men's R1® Fleece Pullover Hoody,Slim,159
Men's Nano Puff® Hoody,Regular,249
Men's Micro Puff® Hoody,Regular,299
Men's Calcite Jacket,Regular,249
Men's Down Sweater Hoody,Regular,279
Men's Triolet Jacket,Regular,399
Men's Torrentshell 3L Pullover,Regular,129
Men's Nano-Air® Jacket,Slim,249
Men's Stretch Terre Planing Hoody,Regular,119
Men's Galvanized Jacket,Slim,349
Men's All Seasons Hemp Canvas Vest,Relaxed,129
Men's Classic Retro-X® Fleece Jacket,Regular,199
Men's Classic Synchilla® Fleece Vest,Regular,79
Men's Mojave Trails Jacket,Regular,159
Men's Down Sweater Vest,Regular,179
Men's R2® TechFace Hoody,Slim,189
Men's R1® Fleece Full-Zip Hoody,Slim,169
Men's Micro D® Fleece Jacket,Regular,89
Men's Lightweight Better Sweater® Fleece Hoody,Slim,159
Men's City Storm Rain Parka,Regular,499
Men's Nano Puff® Jacket,Regular,199
Men's Classic Synchilla® Fleece Jacket,Regular,99
Men's Down Sweater Jacket,Regular,229
Men's Airshed Pro Pullover,Slim,129
Men's Micro Puff® Vest,Regular,199
Men's Houdini® Jacket,Slim,99
Men's Silent Down Jacket,Regular,279
Men's Baggies™ Jacket,Regular,119
Men's R1® TechFace Hoody,Slim,179
Men's R1® Fleece Pullover,Slim,129
Men's Woolyester Fleece Jacket,Regular,159
Men's Dirt Roamer Jacket,Slim,229
Men's Woolie Chore Coat,Regular,199
Men's Better Sweater® Rib Knit 1/4-Zip Fleece,Regular,119
Men's Lightweight Synchilla® Snap-T™ Fleece Pants,Regular,99
Men's Better Sweater® Fleece Shirt Jacket,Regular,159
Men's Better Sweater® Fleece Henley Pullover,Regular,119
Men's Organic Cotton Quilt Snap-T® Pullover,Regular,149
Men's Micro D® Fleece Pullover,Regular,59
Men's Crosstrek 1/4-Zip Fleece,Regular,119
Men's Woolie Fleece Pullover,Regular,159
Men's Tin Shed Jacket,Relaxed,74.5
Men's Burly Man Vest,Relaxed,149
Men's Triple Texture Fleece Jacket,Regular,179
Men's Double Sided Fleece Pullover,Regular,129
Men's Snap Front Retro-X® Fleece Jacket,Regular,169
Men's Burly Man Hooded Jacket,Relaxed,199
Men's Recycled High Pile Fleece Down Jacket,Regular,279
Men's R1® Fleece Pants,Regular,119
Men's Crosstrek Fleece Bottoms,Slim,99
Men's Retro-X® Fleece Bomber Jacket,Regular,149
Men's Long-Sleeved R1® Fitz Roy 1/4-Zip,Regular,169
Men's Long-Sleeved Early Rise Snap Shirt,Relaxed,129
Men's Los Gatos 1/4-Zip Fleece,Regular,99
Men's P-6 Logo Uprisal Hoody,Regular,79
Men's Line Logo Ridge Uprisal Hoody,Regular,79
Men's Arched Fitz Roy Bear Uprisal Crew Sweatshirt,Regular,65
Men's Lightweight Fjord Flannel Hoody,Regular,99
Men's P-6 Label Lightweight Full-Zip Hoody,Slim,89
Men's P-6 Logo Lightweight Crew Sweatshirt,Slim,55
Men's Fitz Roy Scope Lightweight Crew Sweatshirt,Slim,55
Men's P-6 Label Uprisal Hoody,Regular,79
Men's Surf Activists Uprisal Crew Sweatshirt,Regular,65
Men's Organic Cotton Quilt Crewneck Sweatshirt,Regular,99
Men's Fitz Roy Bison Uprisal Hoody,Regular,79
Men's Fitz Roy Horizons Uprisal Crew Sweatshirt,Regular,65
Men's P-6 Label Uprisal Crew Sweatshirt,Regular,65
Men's Trail Harbor Crewneck Sweatshirt,Regular,89
Men's Trail Harbor Hoody,Regular,99
Men's Hemp Crew Sweatshirt,Relaxed,79
Men's Line Logo Ridge Lightweight Crew Sweatshirt,Slim,55
Men's Fitz Roy Scope Lightweight Full-Zip Hoody,Slim,89
Men's Organic Cotton Quilt Hoody,Regular,169
Men's Fitz Roy Horizons Uprisal Hoody,Regular,79
Men's Fog Cutter Sweater,Relaxed,99
Men's Recycled Cashmere 1/4-Zip Sweater,Regular,249
Men's Recycled Wool Sweater,Regular,129
Men's Recycled Cashmere Crewneck Sweater,Regular,199