name,price,category,class,team,disply_color
M's Torrentshell 3L Jacket,149.00,Shell Tops,3 Layer,Alpine,MAN
M's Better Sweater® 1/4 Zip,49.50,Performance Fleece,Tops,M's Sportswear,NENA
M's Down Sweater,114.50,Insulation Tops,Down Insulation,Alpine,SPRB
M's Better Sweater® Jacket,139.00,Performance Fleece,Jackets,M's Sportswear,INDG
M's Nano Puff® Jacket,99.50,Insulation Tops,Synthetic Insulation,Alpine,CBRS
M's Nano Puff® Vest,74.50,Insulation Tops,Synthetic Insulation,Alpine,CNY
M's Rainshadow Jacket,199.00,Shell Tops,3 Layer,Alpine,SPRB
M's Better Sweater® Vest,49.50,Performance Fleece,Vests,M's Sportswear,STH
M's Houdini® Jacket,99.00,Outerwear,Jackets,Trail Running,FICN
M's Nano Puff® Hoody,124.50,Insulation Tops,Synthetic Insulation,Alpine,CNY
M's Micro Puff® Hoody,149.50,Insulation Tops,Synthetic Insulation,Alpine,SMDB
M's Synchilla® Snap-T® Pullover,69.50,Performance Fleece,Tops,M's Sportswear,OAT
M's Lightweight Synchilla® Snap-T® Pullover,119.00,Performance Fleece,Tops,M's Sportswear,GWNE
M's Classic Retro-X® Jacket,199.00,Performance Fleece,Jackets,M's Sportswear,NAT
M's Diamond Quilted Bomber Hoody,84.50,Outerwear,Casual,M's Sportswear,EWBN
M's Down Sweater Vest,89.50,Insulation Tops,Down Insulation,Alpine,SMBA
M's Micro D® Snap-T® Pullover,44.50,Performance Fleece,Tops,M's Sportswear,CSC
M's Classic Synchilla® Vest,79.00,Performance Fleece,Vests,M's Sportswear,NKL
M's Classic Synchilla® Jacket,99.00,Performance Fleece,Jackets,M's Sportswear,NENA
M's Micro Puff® Jacket,124.50,Insulation Tops,Synthetic Insulation,Alpine,FRE
M's Calcite Jacket,124.50,Shell Tops,2.5 Layer,Alpine,FRE
M's Micro D® Jacket,89.00,Performance Fleece,Jackets,M's Sportswear,NENA
M's Houdini® Air Jacket,84.50,Outerwear,Jackets,Trail Running,SPYG
M's Airshed Pro Pullover,129.00,Outerwear,Jackets,Trail Running,JOBL
M's R1® TechFace Jacket,79.50,Shell Tops,Softshells,Alpine,BLK
M's Torrentshell 3L Pullover,129.00,Shell Tops,3 Layer,Alpine,ANDB
M's R1® TechFace Hoody,179.00,Shell Tops,Softshells,Alpine,MAN
M's Insulated Fjord Flannel Jacket,84.50,Outerwear,Casual,M's Sportswear,FGE
M's R1® Pullover,64.50,Insulation Tops,Fleece,Alpine,FGE
M's Lightweight Better Sweater® Jacket,149.00,Performance Fleece,Jackets,M's Sportswear,NENA
M's R1® Full-Zip Hoody,84.50,Insulation Tops,Fleece,Alpine,INDG
M's Down Sweater Hoody,139.50,Insulation Tops,Down Insulation,Alpine,FRF
M's Baggies™ Jacket,119.00,Outerwear,Casual,M's Sportswear,SPRE
M's Nano-Air® Jacket,124.50,Insulation Tops,Synthetic Insulation,Alpine,PSS
M's R1® Pullover Hoody,79.50,Insulation Tops,Fleece,Alpine,FRE
M's Houdini® Snap-T® Pullover,99.00,Outerwear,Casual,M's Sportswear,SPRB
M's Woolyester Fleece Jacket,79.50,Performance Fleece,Jackets,M's Sportswear,FGE
M's Silent Down Jacket,139.50,Outerwear,Down Insulation,M's Sportswear,SKA
M's Tres 3-in-1 Parka,299.50,Outerwear,Down Insulation,M's Sportswear,BLK
M's Lightweight Better Sweater® Hoody,159.00,Performance Fleece,Jackets,M's Sportswear,SPRB
M's Nano-Air® Hoody,149.50,Insulation Tops,Synthetic Insulation,Alpine,SPRB
M's Woolyester Fleece Pullover,69.50,Performance Fleece,Tops,M's Sportswear,OAT
M's R2® TechFace Hoody,94.50,Shell Tops,Softshells,Alpine,SMDB
M's All Seasons Hemp Canvas Vest,129.00,Outerwear,Vests,Workwear,INBK
M's Iron Forge Hemp® Canvas Ranch Jacket,179.00,Outerwear,Jackets,Workwear,COI
M's R1® TechFace Pullover,129.00,Shell Tops,Softshells,Alpine,CNY
M's Stretch Terre Planing Hoody,119.00,Men's,Outerwear,Surf Apparel,TOIB
M's Quandary Jacket,99.50,Outerwear,Waterproof Shells,M's Sportswear,NENA
M's Triolet Jacket,199.50,Shell Tops,3 Layer,Alpine,CNY
M's Nano-Air® Vest,99.50,Insulation Tops,Synthetic Insulation,Alpine,SPRB
M's R2® Jacket,84.50,Insulation Tops,Fleece,Alpine,RTSR
M's Classic Retro-X® Vest,74.50,Performance Fleece,Vests,M's Sportswear,BOB
M's Frozen Range Parka,349.50,Outerwear,Down Insulation,M's Sportswear,NENA
M's Steel Forge Denim Jacket,99.50,Outerwear,Jackets,Workwear,DDNM
M's Storm Racer Jacket,249.00,Outerwear,Jackets,Trail Running,SPRB
M's Silent Down Shirt Jacket,114.50,Outerwear,Down Insulation,M's Sportswear,CNY
M's Micro Puff® Vest,99.50,Insulation Tops,Synthetic Insulation,Alpine,FGE
M's Dirt Roamer Jacket,229.00,Outerwear,Jackets,Mountain Bike,WOBR
M's R2® TechFace Jacket,84.50,Shell Tops,Softshells,Alpine,FRE
M's Lightweight Better Sweater® Shelled Jacket,179.00,Performance Fleece,Jackets,M's Sportswear,RDFY
M's Galvanized Jacket,174.50,Shell Tops,3 Layer,Alpine,PSS
M's River Salt Jacket,349.00,Outerwear,Outerwear,Fishing,FGE
M's Hi-Loft Down Hoody,139.50,Outerwear,Down Insulation,M's Sportswear,INDG
M's Macro Puff® Hoody,199.50,Insulation Tops,Synthetic Insulation,Alpine,FGE